Dimension,NPoints,ExecutionTime_us
10,100,11692.4
10,500,70702.9
10,1000,193519
10,5000,1.87341e+06
10,10000,4.99507e+06
10,50000,3.75915e+07
10,100000,7.96787e+07
